Date,ClosingPrice,Ma10,Wma10,Momentum10
6/22/2015 00:00:00,133.3871,,,
6/23/2015 00:00:00,133.7701,,,
6/24/2015 00:00:00,136.7385,,,
6/25/2015 00:00:00,137.4088,,,
6/26/2015 00:00:00,137.696,,,
6/29/2015 00:00:00,135.3979,,,
6/30/2015 00:00:00,135.9724,,,
7/1/2015 00:00:00,136.4512,,,
7/2/2015 00:00:00,135.6852,,,
7/3/2015 00:00:00,131.7592,,,
7/6/2015 00:00:00,129.3653,135.02446,134.240130909091,-4.40480000000002
7/7/2015 00:00:00,126.9715,134.3446,132.775956363636,-9.76699999999998
7/8/2015 00:00:00,127.546,133.42535,131.539847272727,-9.86280000000001
7/9/2015 00:00:00,131.855,132.86997,131.254329090909,-5.84100000000001
7/10/2015 00:00:00,130.8017,132.18054,130.87828,-4.59619999999998
7/13/2015 00:00:00,130.8974,131.73049,130.644981818182,-5.07499999999999
7/14/2015 00:00:00,132.1422,131.34747,130.719838181818,-4.309
7/15/2015 00:00:00,128.9823,130.60058,130.289807272727,-6.7029
7/16/2015 00:00:00,128.8866,129.92072,129.978174545455,-2.87260000000001
7/17/2015 00:00:00,127.6417,129.50897,129.563807272727,-1.72359999999999
7/20/2015 00:00:00,127.2587,129.29831,129.154667272727,0.287199999999999
7/21/2015 00:00:00,130.3229,129.63345,129.340956363636,2.7769
7/22/2015 00:00:00,126.4927,129.52812,128.769910909091,-5.36229999999999
7/23/2015 00:00:00,124.2903,128.77165,127.81758,-6.51140000000001
7/24/2015 00:00:00,119.2153,127.61301,126.080061818182,-11.6821
7/27/2015 00:00:00,113.853,125.90857,123.578241818182,-18.2892
7/28/2015 00:00:00,116.1511,124.30946,121.804156363636,-12.8312
7/29/2015 00:00:00,120.8431,123.49554,121.173909090909,-8.04349999999998
7/30/2015 00:00:00,120.7474,122.68162,120.674247272727,-6.8943
7/31/2015 00:00:00,119.7898,121.89643,120.148461818182,-7.46890000000001
8/3/2015 00:00:00,118.2577,120.99633,119.486874545455,-12.0652
8/4/2015 00:00:00,120.4601,120.01005,119.389378181818,-6.0326
8/5/2015 00:00:00,114.0445,118.76523,118.304732727273,-10.2458
8/6/2015 00:00:00,111.9379,117.52999,117.0634,-7.2774
8/7/2015 00:00:00,113.7572,116.98418,116.377438181818,-0.095799999999997
8/10/2015 00:00:00,113.6615,116.96503,115.773314545455,-2.4896
8/11/2015 00:00:00,111.4591,116.49583,114.772236363636,-9.384
8/12/2015 00:00:00,111.6506,115.57658,113.891285454545,-9.0968
8/13/2015 00:00:00,110.9803,114.59987,113.055598181818,-8.8095
8/14/2015 00:00:00,107.9162,113.41251,111.840385454545,-10.3415
8/17/2015 00:00:00,108.4907,112.43581,110.945510909091,-11.9694
8/18/2015 00:00:00,106.4798,111.03778,109.8626,-7.5647
8/19/2015 00:00:00,104.2775,110.06108,108.633458181818,-7.6604
8/20/2015 00:00:00,106.1926,109.48655,107.930098181818,-7.5646
8/21/2015 00:00:00,106.0968,108.72051,107.31378,-7.5647
8/24/2015 00:00:00,97.3831,107.09267,105.252432727273,-14.076
8/25/2015 00:00:00,102.6496,106.21172,104.444601818182,-9.00099999999999
8/26/2015 00:00:00,99.1067,104.95733,103.15278,-11.8736
8/27/2015 00:00:00,107.1501,104.57431,103.551465454545,-0.766100000000009
8/28/2015 00:00:00,109.4482,104.72751,104.437627272727,0.957499999999996
8/31/2015 00:00:00,105.9053,104.46897,104.651770909091,-0.5745
9/1/2015 00:00:00,105.3308,104.35407,104.808467272727,1.05329999999999
9/2/2015 00:00:00,104.7562,104.40194,104.881581818182,-1.43639999999999
9/3/2015 00:00:00,106.1926,104.40194,105.207156363636,0.095799999999997
9/4/2015 00:00:00,102.6496,104.05722,104.888549090909,5.26650000000001
9/7/2015 00:00:00,102.4581,104.56472,104.5978,-0.191500000000005
9/8/2015 00:00:00,105.0435,104.80411,104.684850909091,5.93679999999999
9/9/2015 00:00:00,104.6605,105.35949,104.65874,-2.4896
9/10/2015 00:00:00,101.5963,104.80411,103.974523636364,-7.8519
9/11/2015 00:00:00,102.1708,104.07637,103.49574,-3.7345
9/14/2015 00:00:00,100.16,103.50184,102.783672727273,-5.1708
9/15/2015 00:00:00,99.3939,102.90815,102.036774545455,-5.3623
9/16/2015 00:00:00,101.1175,102.54428,101.711201818182,-5.07509999999999
9/17/2015 00:00:00,104.2775,102.35277,102.026332727273,1.6279
9/18/2015 00:00:00,102.9369,102.3815,102.132538181818,0.478799999999993
9/21/2015 00:00:00,103.8944,102.52513,102.407610909091,-1.14909999999999
9/22/2015 00:00:00,100.926,102.11338,102.11686,-3.7345
9/23/2015 00:00:00,99.2024,101.56757,101.587590909091,-2.3939
9/24/2015 00:00:00,97.0958,101.11752,100.774541818182,-5.075
9/25/2015 00:00:00,99.4897,100.84941,100.478574545455,-0.670299999999997
9/28/2015 00:00:00,98.7237,100.70578,100.092081818182,-0.670200000000008
9/29/2015 00:00:00,99.1067,100.67706,99.80134,-2.0108
9/30/2015 00:00:00,103.2242,100.88773,100.264456363636,-1.05330000000001
10/1/2015 00:00:00,107.2459,101.18457,101.420487272727,4.30900000000001
10/2/2015 00:00:00,110.5015,101.94103,103.114474545455,6.60709999999999
10/5/2015 00:00:00,118.7365,103.42524,106.168196363636,17.8105
10/6/2015 00:00:00,122.471,105.57974,109.631061818182,23.2686
10/7/2015 00:00:00,124.6733,108.12683,113.102618181818,27.5775
10/8/2015 00:00:00,121.4176,110.55901,115.519121818182,21.9279
10/9/2015 00:00:00,123.1412,112.92416,117.806792727273,24.4175
10/12/2015 00:00:00,119.9813,115.04992,119.089909090909,20.8746
10/13/2015 00:00:00,118.162,116.95545,119.655741818182,14.9378
10/14/2015 00:00:00,117.7789,118.41092,119.80546,10.533
10/15/2015 00:00:00,119.311,119.61743,119.969110909091,8.80950000000001
10/16/2015 00:00:00,121.4176,120.70904,120.296414545455,2.68109999999999
10/19/2015 00:00:00,120.0771,120.8431,120.181516363636,-2.3939
10/20/2015 00:00:00,117.9705,120.39305,119.659225454545,-6.7028
10/21/2015 00:00:00,117.0129,119.62701,119.044652727273,-4.40469999999999
10/22/2015 00:00:00,119.9813,119.48338,119.109069090909,-3.15989999999999
10/23/2015 00:00:00,118.545,119.02376,118.938454545455,-1.4363
10/26/2015 00:00:00,117.6832,118.79395,118.694716363636,-0.478800000000007
10/27/2015 00:00:00,114.1402,118.39177,117.84858,-3.6387
10/28/2015 00:00:00,120.0771,118.62159,118.155003636364,0.766099999999994
10/29/2015 00:00:00,118.7365,118.56414,118.175896363636,-2.68109999999999
10/30/2015 00:00:00,118.2577,118.24815,118.12018,-1.8194
11/2/2015 00:00:00,117.8747,118.02791,118.05228,-0.095799999999997
11/3/2015 00:00:00,123.237,118.55456,118.999387272727,6.22409999999999
11/4/2015 00:00:00,122.471,119.10037,119.711467272727,2.4897
11/5/2015 00:00:00,118.3535,118.93759,119.575672727273,-0.191500000000005
11/6/2015 00:00:00,119.1195,118.99504,119.608747272727,1.4363
11/9/2015 00:00:00,120.1728,119.244,119.822885454545,6.0326
11/10/2015 00:00:00,120.2686,119.85684,120.009176363636,0.191500000000005
11/11/2015 00:00:00,119.4068,119.78981,119.927350909091,0.670299999999997
11/12/2015 00:00:00,117.0129,119.61745,119.422458181818,-1.2448
11/13/2015 00:00:00,115.002,119.29188,118.583285454545,-2.87270000000001
11/16/2015 00:00:00,116.0554,119.10995,117.994834545455,-7.18159999999999
11/17/2015 00:00:00,119.9813,118.78438,118.153261818182,-2.4897
11/18/2015 00:00:00,126.5884,119.19612,119.572174545455,8.2349
11/19/2015 00:00:00,127.163,120.07707,121.020698181818,8.04349999999999
11/20/2015 00:00:00,125.0563,120.67075,121.926012727273,4.8835
11/23/2015 00:00:00,125.6309,121.21656,122.827858181818,5.36229999999999
11/24/2015 00:00:00,128.7908,122.06878,124.204992727273,9.38399999999999
11/25/2015 00:00:00,128.0247,122.93057,125.287887272727,11.0118
11/26/2015 00:00:00,129.4611,124.17539,126.475256363636,14.4591
11/27/2015 00:00:00,129.4611,125.6213,127.436294545455,13.4057
11/30/2015 00:00:00,133.5786,127.37362,128.883076363636,13.5973
12/1/2015 00:00:00,130.1314,128.38863,129.384490909091,3.54300000000002
12/2/2015 00:00:00,129.0781,128.6376,129.509849090909,1.91510000000001
12/3/2015 00:00:00,125.5351,128.47481,128.945758181818,0.478800000000007
12/4/2015 00:00:00,121.9922,128.1684,127.767101818182,-3.6387
12/7/2015 00:00:00,119.6941,127.57472,126.22632,-9.09669999999998
12/8/2015 00:00:00,120.6516,126.7608,124.967570909091,-7.37309999999999
12/9/2015 00:00:00,121.5134,126.10967,124.013498181818,-7.94769999999998
12/10/2015 00:00:00,121.1304,125.2766,123.108176363636,-8.33069999999999
12/11/2015 00:00:00,116.2469,123.95518,121.466412727273,-17.3317
12/14/2015 00:00:00,114.7148,122.0688,119.786343636364,-15.4166
12/15/2015 00:00:00,120.0771,121.06337,119.424216363636,-9.001
12/16/2015 00:00:00,119.8856,120.14412,119.210076363636,-5.6495
12/17/2015 00:00:00,119.0238,119.49299,119.006381818182,-2.9684
12/18/2015 00:00:00,116.4384,118.93761,118.451001818182,-3.2557
12/21/2015 00:00:00,114.7148,118.43968,117.683218181818,-5.93680000000001
12/22/2015 00:00:00,114.7148,117.846,117.005967272727,-6.79860000000001
12/23/2015 00:00:00,120.2686,117.72152,117.44644,-0.861799999999988
12/28/2015 00:00:00,119.2153,117.53001,117.718036363636,2.9684
12/29/2015 00:00:00,119.5983,117.86515,118.094089090909,4.8835
12/30/2015 00:00:00,117.3959,118.13326,118.008770909091,-2.6812
1/4/2016 00:00:00,115.7681,117.70236,117.578741818182,-4.11749999999999
1/5/2016 00:00:00,108.8737,116.60117,115.973530909091,-10.1501
1/7/2016 00:00:00,106.0968,115.30847,114.063645454545,-10.3416
1/8/2016 00:00:00,100.6388,113.72851,111.396432727273,-14.076
1/11/2016 00:00:00,98.0534,112.06237,108.546412727273,-16.6614
1/12/2016 00:00:00,94.5104,110.04193,105.355145454545,-25.7582
1/13/2016 00:00:00,92.4038,107.25545,102.148212727273,-26.8115
1/14/2016 00:00:00,110.4058,106.3745,102.721003636364,-9.1925
1/15/2016 00:00:00,109.544,105.36907,103.297276363636,-7.8519
1/18/2016 00:00:00,108.0119,104.43067,103.777790909091,-7.75620000000001
1/19/2016 00:00:00,108.5864,103.7125,104.533378181818,-0.287300000000002
1/20/2016 00:00:00,104.2775,103.25288,104.636105454545,-1.8193
1/21/2016 00:00:00,106.7671,103.31991,105.275054545455,6.1283
1/22/2016 00:00:00,107.5331,104.00934,106.041089090909,9.47970000000001
1/25/2016 00:00:00,106.8628,104.89028,106.5599,12.3524
1/26/2016 00:00:00,108.9695,106.33619,107.301576363636,16.5657
1/27/2016 00:00:00,108.5864,107.95445,107.710705454545,-1.8194
1/28/2016 00:00:00,113.9487,108.30874,108.800569090909,4.40470000000001
1/29/2016 00:00:00,117.3959,109.09393,110.45278,9.384
2/1/2016 00:00:00,114.3318,109.72592,111.40512,5.7454
2/2/2016 00:00:00,112.2251,110.08979,111.859516363636,7.94759999999999
2/3/2016 00:00:00,112.3209,110.89413,112.265172727273,5.5538
2/4/2016 00:00:00,116.9171,111.90913,113.360258181818,9.384
2/5/2016 00:00:00,118.4492,113.00074,114.549361818182,11.5864
2/8/2016 00:00:00,114.3318,113.74764,114.791372727273,5.3623
2/9/2016 00:00:00,115.1936,114.37005,115.054274545455,6.60720000000001
2/10/2016 00:00:00,113.853,114.89671,114.960265454545,-0.0957000000000079
2/11/2016 00:00:00,114.1402,114.91586,114.822718181818,-3.2557
2/12/2016 00:00:00,121.3219,115.30846,115.987452727273,6.9901
2/15/2016 00:00:00,125.5351,116.42879,117.846841818182,13.31
2/16/2016 00:00:00,122.471,117.45338,118.945425454545,10.1501
2/17/2016 00:00:00,128.695,119.09079,120.989356363636,11.7779
2/18/2016 00:00:00,128.9823,120.29731,122.787812727273,10.5331
2/19/2016 00:00:00,127.2587,121.17826,124.05352,12.9269
2/22/2016 00:00:00,131.6635,122.91143,125.959927272727,16.4699
2/23/2016 00:00:00,127.929,124.18497,126.872212727273,14.076
2/24/2016 00:00:00,124.003,125.19997,126.839127272727,9.86280000000001
2/25/2016 00:00:00,125.1521,126.30116,126.830423636364,3.8302
2/26/2016 00:00:00,127.8332,126.95229,127.108976363636,2.29810000000001
2/29/2016 00:00:00,128.2163,127.22041,127.338796363636,5.74529999999999
3/1/2016 00:00:00,130.5144,128.02475,127.937703636364,1.8194
3/2/2016 00:00:00,130.1314,128.16839,128.320730909091,1.1491
3/3/2016 00:00:00,130.3229,128.30245,128.71246,3.0642
3/4/2016 00:00:00,132.238,128.80038,129.428014545455,0.5745
3/7/2016 00:00:00,132.8125,128.91528,130.157490909091,4.8835
3/8/2016 00:00:00,129.9399,129.11637,130.343785454545,5.93689999999999
3/9/2016 00:00:00,131.6635,129.88242,130.8069,6.51139999999999
3/10/2016 00:00:00,129.5568,130.32289,130.747696363636,1.7236
3/11/2016 00:00:00,132.3337,130.77294,131.113298181818,4.1174
3/14/2016 00:00:00,133.4828,131.29959,131.606,2.9684
3/15/2016 00:00:00,130.7059,131.31874,131.498056363636,0.5745
3/16/2016 00:00:00,131.9507,131.50067,131.612958181818,1.62780000000001
3/17/2016 00:00:00,132.5253,131.72091,131.799254545455,0.287299999999988
3/18/2016 00:00:00,132.7168,131.76879,131.980325454545,-0.0956999999999937
3/21/2016 00:00:00,131.6635,131.65389,131.961181818182,1.7236
3/22/2016 00:00:00,132.621,131.922,132.13702,0.95750000000001
3/23/2016 00:00:00,132.238,131.97945,132.194474545455,2.68119999999999
3/24/2016 00:00:00,128.4078,131.86455,131.545083636364,-3.92589999999998
3/29/2016 00:00:00,128.8866,131.51984,131.003638181818,-4.59620000000001
3/30/2016 00:00:00,131.5677,131.32833,131.01234,0.861799999999988
3/31/2016 00:00:00,131.6635,131.42409,131.07328,-0.287200000000013
4/1/2016 00:00:00,127.0672,130.93574,130.281118181818,-5.45809999999999
4/4/2016 00:00:00,124.7691,130.16012,129.159910909091,-7.94770000000001
4/5/2016 00:00:00,122.1837,129.10681,127.709652727273,-9.4798
4/6/2016 00:00:00,122.854,128.22586,126.572778181818,-9.76700000000001
4/7/2016 00:00:00,121.3219,127.09595,125.317512727273,-10.9161
4/8/2016 00:00:00,127.6417,126.63632,125.41674,-0.766100000000009
4/11/2016 00:00:00,129.2696,126.7225,125.895518181818,0.38300000000001
4/12/2016 00:00:00,130.3229,126.86613,126.550136363636,-1.2448
4/13/2016 00:00:00,133.0998,127.01934,127.683530909091,1.43629999999999
4/14/2016 00:00:00,132.7168,127.12467,128.719432727273,5.64960000000001
4/15/2016 00:00:00,131.855,127.60345,129.579492727273,7.0859
4/18/2016 00:00:00,130.2271,128.14925,130.05652,8.04340000000001
4/19/2016 00:00:00,134.0573,129.33661,131.130710909091,11.2033
4/20/2016 00:00:00,134.6319,130.5144,132.093490909091,13.31
4/21/2016 00:00:00,138.5578,132.23799,133.555927272727,10.9161
4/22/2016 00:00:00,139.0366,133.37748,134.792038181818,9.767
4/25/2016 00:00:00,137.2173,134.17225,135.490187272727,6.89439999999999
4/26/2016 00:00:00,140.2814,135.1681,136.600941818182,7.1816
4/27/2016 00:00:00,141.3347,135.99159,137.722141818182,8.61789999999999
4/28/2016 00:00:00,144.2074,137.14065,139.215925454545,12.3524
4/29/2016 00:00:00,144.0159,138.35674,140.465970909091,13.7888
5/2/2016 00:00:00,140.5687,139.3909,140.868145454545,6.51140000000001
5/3/2016 00:00:00,140.5687,140.04204,141.082290909091,5.93680000000001
5/4/2016 00:00:00,142.1008,140.78893,141.456610909091,3.54300000000001
5/6/2016 00:00:00,141.7178,141.10493,141.625496363636,2.68120000000002
5/9/2016 00:00:00,136.8342,140.88469,140.849,-0.383099999999985
5/10/2016 00:00:00,138.4621,141.00917,140.408529090909,-1.8193
5/11/2016 00:00:00,141.5262,141.13365,140.502534545455,0.191499999999991
5/12/2016 00:00:00,141.239,141.12408,140.521689090909,-2.9684
5/13/2016 00:00:00,139.7069,140.67403,140.26402,-4.309
5/16/2016 00:00:00,144.3989,140.71233,140.941269090909,3.83019999999999
5/17/2016 00:00:00,145.4522,141.20068,141.803063636364,4.8835
5/18/2016 00:00:00,146.2182,141.76563,142.71534,4.1174
5/19/2016 00:00:00,142.388,141.79435,142.828498181818,0.670199999999994
5/20/2016 00:00:00,145.1649,142.13906,143.441325454545,8.33069999999998
5/23/2016 00:00:00,142.4838,142.70402,143.504005454545,4.02170000000001
5/24/2016 00:00:00,144.3031,143.28812,143.794747272727,2.77690000000001
5/25/2016 00:00:00,145.3565,143.67115,144.170816363636,4.11750000000001
5/26/2016 00:00:00,145.8352,144.13077,144.56428,6.1283
5/27/2016 00:00:00,143.8244,144.54252,144.508576363636,-0.5745
5/30/2016 00:00:00,143.7286,144.47549,144.360590909091,-1.7236
5/31/2016 00:00:00,143.2498,144.25525,144.137738181818,-2.9684
6/1/2016 00:00:00,145.2607,144.1595,144.320547272727,2.87270000000001
6/2/2016 00:00:00,144.1116,144.33186,144.311838181818,-1.05329999999998
6/3/2016 00:00:00,144.6862,144.28399,144.376263636364,2.20240000000001
6/7/2016 00:00:00,151.389,145.17451,145.668083636364,7.08590000000001
6/8/2016 00:00:00,153.2084,146.06504,147.128790909091,7.8519
6/9/2016 00:00:00,152.3466,146.76405,148.270892727273,6.51140000000001
6/10/2016 00:00:00,149.3782,147.11835,148.746192727273,5.5538
6/13/2016 00:00:00,147.6546,147.50137,148.843692727273,3.92599999999999
6/14/2016 00:00:00,142.6753,147.39604,147.966225454545,-0.5745
6/15/2016 00:00:00,144.9734,147.5684,147.525745454545,-0.287300000000016
6/16/2016 00:00:00,140.1857,147.0609,146.183436363636,-3.92590000000001
6/17/2016 00:00:00,143.0583,146.95557,145.455690909091,-1.62790000000001
6/20/2016 00:00:00,144.5904,146.94599,145.02566,-6.79860000000002
6/21/2016 00:00:00,145.8352,146.39061,144.823698181818,-7.37320000000003
6/22/2016 00:00:00,144.8777,145.55754,144.548623636364,-7.46889999999999
6/23/2016 00:00:00,147.3673,145.05961,144.877670909091,-2.01089999999999
6/27/2016 00:00:00,134.5361,143.5754,142.964305454545,-13.1185
6/28/2016 00:00:00,136.547,142.46464,141.686414545455,-6.1283
6/29/2016 00:00:00,143.0583,142.50294,141.794352727273,-1.9151
6/30/2016 00:00:00,146.2182,142.62742,142.469854545455,6.0325
7/1/2016 00:00:00,148.7079,143.47964,143.575396363636,5.64959999999999
7/4/2016 00:00:00,146.9843,143.87224,144.212607272727,2.3939
7/5/2016 00:00:00,145.0692,143.92012,144.430236363636,-0.765999999999991
7/6/2016 00:00:00,143.3456,143.67116,144.325778181818,-1.53210000000001
7/7/2016 00:00:00,146.7928,143.86267,144.893349090909,-0.5745
7/8/2016 00:00:00,146.314,143.75734,145.339045454545,11.7779
7/11/2016 00:00:00,148.7079,145.17452,146.239147272727,12.1609
7/12/2016 00:00:00,148.5164,146.37146,146.846761818182,5.4581
7/13/2016 00:00:00,147.5588,146.82151,147.062641818182,1.34059999999999
7/14/2016 00:00:00,147.3673,146.93642,147.161876363636,-1.34059999999999
7/15/2016 00:00:00,147.7503,146.84066,147.309854545455,0.76600000000002
7/18/2016 00:00:00,144.3989,146.58212,146.865898181818,-0.670299999999997
7/19/2016 00:00:00,144.3989,146.51509,146.468949090909,1.05330000000001
7/20/2016 00:00:00,142.5796,146.43849,145.753405454545,-4.2132
7/21/2016 00:00:00,143.9201,146.15122,145.295516363636,-2.3939
7/22/2016 00:00:00,140.6644,145.58626,144.297912727273,-8.04349999999999
7/25/2016 00:00:00,138.7493,144.5904,143.054829090909,-9.7671
7/26/2016 00:00:00,139.1324,143.652,142.062465454545,-8.4264
7/27/2016 00:00:00,137.5045,142.64657,140.944738181818,-9.86279999999999
7/28/2016 00:00:00,137.1215,141.62199,139.94018,-10.6288
7/29/2016 00:00:00,135.5894,140.4059,138.843345454545,-8.80949999999999
8/1/2016 00:00:00,136.0682,139.57283,138.054672727273,-8.33070000000001
8/2/2016 00:00:00,133.1955,138.45249,136.895158181818,-9.38409999999999
8/3/2016 00:00:00,131.3762,137.33215,135.60856,-12.5439
8/4/2016 00:00:00,139.3239,136.87253,135.970696363636,-1.34049999999999
8/5/2016 00:00:00,138.5578,136.66187,136.277109090909,-0.191500000000019
8/8/2016 00:00:00,140.1857,136.80551,136.917805454545,1.05330000000001
8/9/2016 00:00:00,142.388,137.13107,137.932803636364,4.8835
8/10/2016 00:00:00,144.3989,137.82051,139.254227272727,7.2774
8/11/2016 00:00:00,146.0267,138.71103,140.746261818182,10.4373
8/12/2016 00:00:00,146.5055,139.80264,142.163438181818,10.4373
8/15/2016 00:00:00,146.0267,140.79849,143.295085454545,12.8312
8/16/2016 00:00:00,146.9843,142.17737,144.419778181818,15.6081
8/17/2016 00:00:00,146.6013,143.69988,145.224129090909,7.2774
8/18/2016 00:00:00,147.3673,144.50422,145.890932727273,8.80950000000001
8/19/2016 00:00:00,146.9843,145.34687,146.341856363636,6.79859999999999
8/22/2016 00:00:00,144.2074,145.74904,146.13468,1.8194
8/23/2016 00:00:00,145.0692,146.01716,146.011072727273,0.670299999999997
8/24/2016 00:00:00,144.5904,146.03631,145.751661818182,-1.43630000000002
8/25/2016 00:00:00,144.5904,145.89268,145.488769090909,-1.91510000000002
8/26/2016 00:00:00,145.931,145.83523,145.495736363636,-0.0956999999999937
8/29/2016 00:00:00,148.5164,146.0842,145.983221818182,1.53210000000001
8/30/2016 00:00:00,146.9843,146.0842,146.146876363636,0.382999999999981
8/31/2016 00:00:00,144.3031,145.85438,145.82304,-3.0642
9/1/2016 00:00:00,142.6753,145.38518,145.245025454545,-4.309
9/2/2016 00:00:00,146.2182,145.30857,145.396483636364,2.01079999999999
9/5/2016 00:00:00,147.08,145.59583,145.718561818182,2.01080000000002
9/6/2016 00:00:00,144.7819,145.5671,145.570574545455,0.191500000000019
9/7/2016 00:00:00,146.6013,145.76819,145.758610909091,2.01090000000002
9/8/2016 00:00:00,146.697,145.97885,145.927485454545,0.765999999999991
9/9/2016 00:00:00,143.8244,145.76819,145.535767272727,-4.69200000000001
9/12/2016 00:00:00,143.8244,145.29899,145.182350909091,-3.15989999999999
9/13/2016 00:00:00,140.6644,144.667,144.339698181818,-3.6387
9/14/2016 00:00:00,140.0899,144.24568,143.507498181818,-2.58539999999999
9/15/2016 00:00:00,141.239,144.10205,142.960829090909,-4.97919999999999
9/16/2016 00:00:00,139.4196,143.42219,142.109474545455,-7.66040000000001
9/19/2016 00:00:00,142.1965,142.93384,141.886621818182,-2.58540000000002
9/20/2016 00:00:00,141.5262,142.60827,141.630687272727,-5.07510000000002
9/21/2016 00:00:00,141.3347,142.08161,141.399129090909,-5.3623
9/22/2016 00:00:00,144.1116,141.82307,141.768218181818,0.287200000000013
9/23/2016 00:00:00,143.7286,141.81349,142.114678181818,-0.095799999999997
9/26/2016 00:00:00,141.1432,141.54537,141.992807272727,0.478800000000007
9/27/2016 00:00:00,139.9942,141.47835,141.710776363636,-0.0956999999999937
9/28/2016 00:00:00,141.0475,141.57411,141.63244,-0.191499999999991
9/29/2016 00:00:00,148.8994,142.34015,142.964310909091,9.47980000000001
9/30/2016 00:00:00,150.24,143.42219,144.400647272727,8.04350000000002
10/3/2016 00:00:00,150.8145,144.28399,145.744703636364,9.28830000000002
10/4/2016 00:00:00,152.7296,145.40433,147.280269090909,11.3949
10/5/2016 00:00:00,155.1235,146.78321,149.047390909091,11.0119
10/6/2016 00:00:00,155.315,147.90355,150.598625454545,11.5864
10/7/2016 00:00:00,155.4108,149.07177,151.96358,14.2676
10/10/2016 00:00:00,158.3792,150.79537,153.65584,18.385
10/11/2016 00:00:00,155.698,152.36575,154.547227272727,14.6505
10/12/2016 00:00:00,156.6556,153.92656,155.3272,7.75619999999998
10/13/2016 00:00:00,154.3575,154.47237,155.405552727273,4.11749999999998
10/14/2016 00:00:00,158.6664,155.31501,156.168103636364,7.8519
10/17/2016 00:00:00,156.2726,155.86082,156.342210909091,3.54300000000001
10/18/2016 00:00:00,155.9853,156.18639,156.364843636364,0.861799999999988
10/19/2016 00:00:00,158.1877,156.49281,156.728718181818,2.87270000000001
10/20/2016 00:00:00,157.2301,156.68432,156.862770909091,1.8193
10/21/2016 00:00:00,158.6664,157.00988,157.223149090909,0.287200000000013
10/24/2016 00:00:00,157.8046,156.95242,157.367643636364,2.10659999999999
10/25/2016 00:00:00,158.2834,157.21096,157.60964,1.62780000000001
10/26/2016 00:00:00,155.7938,157.12478,157.351974545455,1.43630000000002
10/27/2016 00:00:00,158.2834,157.51737,157.562632727273,-0.38300000000001
10/28/2016 00:00:00,160.1028,157.66101,158.032710909091,3.83019999999999
10/31/2016 00:00:00,155.6023,157.59398,157.6584,-0.382999999999981
11/1/2016 00:00:00,156.1768,157.61313,157.400730909091,-2.01090000000002
11/2/2016 00:00:00,153.9744,157.1918,156.739143636364,-3.25569999999999
11/3/2016 00:00:00,152.1551,156.6843,155.82338,-6.51130000000001
11/4/2016 00:00:00,151.1975,155.93741,154.82578,-6.6071
11/7/2016 00:00:00,154.7405,155.631,154.60816,-3.5429
11/8/2016 00:00:00,153.0169,155.10435,154.132869090909,-2.77690000000001
11/9/2016 00:00:00,151.5806,154.68303,153.492187272727,-6.7028
11/10/2016 00:00:00,151.2933,153.98402,152.875872727273,-8.80950000000001
11/11/2016 00:00:00,147.7503,152.74877,151.742469090909,-7.852
11/14/2016 00:00:00,143.5371,151.54225,150.06762,-12.6397
11/15/2016 00:00:00,150.5272,150.97729,149.883065454545,-3.44720000000001
11/16/2016 00:00:00,149.9527,150.57512,149.696776363636,-2.20240000000001
11/17/2016 00:00:00,152.4423,150.60384,150.036263636364,1.2448
11/18/2016 00:00:00,151.1018,150.59427,150.126801818182,-3.6387
11/21/2016 00:00:00,154.6447,150.58469,150.863243636364,1.62780000000001
11/22/2016 00:00:00,162.3051,151.51351,152.994227272727,10.7245
11/23/2016 00:00:00,162.7839,152.63384,155.043389090909,11.4906
11/24/2016 00:00:00,163.6457,153.86908,157.045545454545,15.8954
11/25/2016 00:00:00,162.5924,155.35329,158.631603636364,19.0553
11/28/2016 00:00:00,161.6348,157.16306,159.773696363636,11.1076
11/29/2016 00:00:00,157.8046,157.8908,159.89034,7.8519
11/30/2016 00:00:00,166.4226,159.53779,161.441576363636,13.9803
12/1/2016 00:00:00,171.9764,161.4912,163.703141818182,20.8746
12/2/2016 00:00:00,171.6891,163.54993,165.557305454545,17.0444
12/5/2016 00:00:00,172.1679,165.30225,167.124209090909,9.86279999999999
12/6/2016 00:00:00,171.8807,166.25981,168.320290909091,9.0968
12/7/2016 00:00:00,172.8382,167.26524,169.516361818182,9.1925
12/8/2016 00:00:00,177.243,168.62497,171.3305,14.6506
12/9/2016 00:00:00,177.7217,170.1379,172.984450909091,16.0869
12/12/2016 00:00:00,182.1265,172.18707,175.164196363636,24.3219
12/13/2016 00:00:00,181.935,174.60011,176.936547272727,15.5124
12/14/2016 00:00:00,181.6477,176.12262,178.217927272727,9.67129999999997
12/15/2016 00:00:00,183.084,177.23338,179.483632727273,11.3949
12/16/2016 00:00:00,185.7652,178.64099,181.034872727273,13.5973
12/19/2016 00:00:00,184.0416,179.82836,182.016801818182,12.1609
12/20/2016 00:00:00,187.4888,181.38917,183.409609090909,14.6506
12/21/2016 00:00:00,187.393,182.84465,184.501214545455,10.15
12/22/2016 00:00:00,187.01,183.82135,185.258550909091,9.28829999999999
12/23/2016 00:00:00,187.01,184.75018,185.838305454545,4.8835
12/27/2016 00:00:00,187.393,185.27683,186.318818181818,5.458
12/28/2016 00:00:00,187.393,185.82263,186.703576363636,5.74530000000001
12/29/2016 00:00:00,188.3506,186.49292,187.163207272727,5.26659999999998
12/30/2016 00:00:00,189.6911,187.15363,187.744694545455,3.92590000000001
1/2/2017 00:00:00,190.2657,187.60368,188.310525454545,6.22410000000002
1/3/2017 00:00:00,192.6595,188.46547,189.229765454545,5.17070000000001
1/4/2017 00:00:00,190.6487,188.78146,189.626716363636,3.25569999999999
1/5/2017 00:00:00,187.9675,188.83891,189.478723636364,0.95750000000001
1/9/2017 00:00:00,184.1373,188.55164,188.623885454545,-2.87269999999998
1/10/2017 00:00:00,185.0949,188.36013,187.995387272727,-2.29810000000001
1/11/2017 00:00:00,184.1373,188.03456,187.2276,-3.25569999999999
1/12/2017 00:00:00,186.0524,187.9005,186.867207272727,-2.29819999999998
1/13/2017 00:00:00,188.159,187.88134,186.914207272727,-1.53210000000001
1/16/2017 00:00:00,186.5312,187.56535,186.668727272727,-3.7345
1/17/2017 00:00:00,186.5312,187.1919,186.4807,-6.1283
1/18/2017 00:00:00,187.2973,186.65568,186.499863636364,-3.35139999999998
1/19/2017 00:00:00,187.9675,186.38756,186.738376363636,0
1/20/2017 00:00:00,190.0742,186.59823,187.408674545455,5.93689999999998
1/23/2017 00:00:00,184.8076,186.66526,187.083105454545,-0.287299999999988
1/24/2017 00:00:00,185.9567,186.75144,186.954276363636,1.8194
1/25/2017 00:00:00,185.6694,186.90465,186.757541818182,-0.38300000000001
1/26/2017 00:00:00,184.1373,186.71314,186.254387272727,-4.02169999999998
1/27/2017 00:00:00,186.3397,186.53121,186.186489090909,-0.191500000000019
1/30/2017 00:00:00,181.8392,186.06201,185.333396363636,-4.69200000000001
1/31/2017 00:00:00,180.5944,185.46833,184.339285454545,-6.7029
2/1/2017 00:00:00,185.7652,185.31512,184.393261818182,-2.20230000000001
2/2/2017 00:00:00,187.2973,185.2481,184.753658181818,-2.77689999999998
2/3/2017 00:00:00,190.7444,185.31512,185.752985454545,5.93680000000001
2/6/2017 00:00:00,189.6911,185.80347,186.548618181818,3.73439999999999
2/7/2017 00:00:00,189.0208,186.10988,187.133587272727,3.35140000000001
2/8/2017 00:00:00,187.4888,186.29182,187.3843,3.35149999999999
2/9/2017 00:00:00,188.0633,186.68442,187.706387272727,1.7236
2/10/2017 00:00:00,190.1699,187.06744,188.340110909091,8.33070000000001
2/13/2017 00:00:00,192.9468,188.1782,189.409085454545,12.3524
2/14/2017 00:00:00,189.9784,189.1166,189.736394545455,4.2132
2/15/2017 00:00:00,188.4463,189.38471,189.614521818182,1.149
2/16/2017 00:00:00,187.1057,189.36555,189.200156363636,-3.6387
2/17/2017 00:00:00,182.4137,188.53248,187.936183636364,-7.2774
2/20/2017 00:00:00,182.4137,187.80474,186.823678181818,-6.6071
2/21/2017 00:00:00,186.7227,187.57493,186.626943636364,-0.766099999999994
2/22/2017 00:00:00,182.9883,187.12488,185.793010909091,-5.07499999999999
2/23/2017 00:00:00,183.1798,186.63653,185.075723636364,-6.99010000000001
2/24/2017 00:00:00,177.8175,185.40129,183.472263636364,-15.1293
2/27/2017 00:00:00,176.0939,183.716,181.780010909091,-13.8845
2/28/2017 00:00:00,177.1472,182.43288,180.585683636364,-11.2991
3/1/2017 00:00:00,177.5302,181.34127,179.694287272727,-9.57550000000001
3/2/2017 00:00:00,175.8066,180.21136,178.687983636364,-6.6071
3/3/2017 00:00:00,176.1896,179.58895,177.956754545455,-6.22409999999999
3/6/2017 00:00:00,174.3703,178.78461,177.007909090909,-12.3524
3/7/2017 00:00:00,175.4236,177.6547,176.396816363636,-7.56470000000002
3/8/2017 00:00:00,174.2745,176.78332,175.782234545455,-8.90530000000001
3/9/2017 00:00:00,169.9655,175.46189,174.542630909091,-7.852
3/10/2017 00:00:00,171.1146,174.7916,173.752214545455,-4.9793
3/13/2017 00:00:00,171.4019,174.3224,173.135905454545,-5.74529999999999
3/14/2017 00:00:00,168.9122,173.4989,172.152232727273,-8.618
3/15/2017 00:00:00,170.9231,172.83819,171.683905454545,-4.8835
3/16/2017 00:00:00,173.4127,172.5988,171.788361818182,-2.77690000000001
3/17/2017 00:00:00,171.9764,172.17748,171.675198181818,-2.39389999999997
3/20/2017 00:00:00,171.2104,171.86149,171.499365454545,-4.2132
3/21/2017 00:00:00,171.1146,171.43059,171.363567272727,-3.15989999999999
3/22/2017 00:00:00,169.774,170.98054,171.062369090909,-0.191499999999991
3/23/2017 00:00:00,170.7316,171.05715,171.017107272727,-0.38300000000001
3/24/2017 00:00:00,169.391,170.88479,170.714170909091,-2.01090000000002
3/27/2017 00:00:00,166.9014,170.43474,169.989918181818,-2.01080000000002
3/28/2017 00:00:00,169.391,170.48262,169.800147272727,-1.53210000000001
3/29/2017 00:00:00,171.4019,170.5305,169.967289090909,-2.01079999999999
3/30/2017 00:00:00,176.2854,170.81777,171.013634545455,4.309
3/31/2017 00:00:00,174.083,171.02843,171.607312727273,2.87260000000001
4/3/2017 00:00:00,172.3594,171.14333,171.849307272727,1.2448
4/4/2017 00:00:00,172.0722,171.23909,172.018192727273,2.29820000000001
4/5/2017 00:00:00,175.2321,171.7849,172.744194545455,4.50050000000002
4/6/2017 00:00:00,178.5835,172.57009,173.980303636364,9.1925
4/7/2017 00:00:00,180.4986,173.68085,175.421850909091,13.5972
4/10/2017 00:00:00,180.4986,175.04057,176.661441818182,11.1076
4/11/2017 00:00:00,179.7326,176.07473,177.514538181818,8.33069999999998
4/12/2017 00:00:00,181.6477,177.09931,178.527805454545,5.36229999999998
4/13/2017 00:00:00,178.1048,177.28125,178.710621818182,4.02180000000001
4/18/2017 00:00:00,173.7,177.24295,178.059485454545,1.34059999999999
4/19/2017 00:00:00,175.7,177.57701,177.778949090909,3.62779999999998
4/20/2017 00:00:00,167.3,177.09979,175.910401818182,-7.93209999999999
4/21/2017 00:00:00,165.3,176.10658,173.764985454545,-13.2835
4/24/2017 00:00:00,166.7,174.91823,172.054698181818,-13.7986
4/25/2017 00:00:00,170.1,173.87837,171.178656363636,-10.3986
4/26/2017 00:00:00,171.4,172.96851,170.728043636364,-8.33259999999999
4/27/2017 00:00:00,168.1,171.80525,169.84286,-13.5477
4/28/2017 00:00:00,169.1,170.55048,169.350996363636,-9.00480000000002
5/2/2017 00:00:00,168.8,169.62,169.032727272727,-4.89999999999998
5/3/2017 00:00:00,166.9,168.94,168.538181818182,-8.79999999999998
5/4/2017 00:00:00,165.3,167.9,167.876363636364,-2
5/5/2017 00:00:00,166.4,167.81,167.603636363636,1.09999999999999
5/8/2017 00:00:00,167.7,168.05,167.583636363636,1
5/9/2017 00:00:00,169.6,168.34,167.865454545455,-0.5
5/10/2017 00:00:00,171.6,168.49,168.458181818182,0.199999999999989
5/11/2017 00:00:00,170.9,168.44,168.896363636364,2.80000000000001
5/12/2017 00:00:00,172.4,168.87,169.616363636364,3.30000000000001
5/15/2017 00:00:00,174.8,169.44,170.694545454545,6
5/16/2017 00:00:00,174.9,170.05,171.687272727273,8
5/17/2017 00:00:00,171.9,170.55,172.023636363636,6.59999999999999
5/18/2017 00:00:00,172.3,171.25,172.341818181818,5.90000000000001
5/19/2017 00:00:00,176.8,172.29,173.350909090909,9.10000000000002
5/22/2017 00:00:00,176.5,173.17,174.116363636364,6.90000000000001
5/23/2017 00:00:00,176.7,173.88,174.758181818182,5.09999999999999
5/24/2017 00:00:00,174.7,174.19,174.907272727273,3.79999999999998
5/26/2017 00:00:00,172,174.3,174.509090909091,-0.400000000000006
5/29/2017 00:00:00,170.2,174.08,173.763636363636,-4.60000000000002
5/30/2017 00:00:00,170.4,173.64,173.094545454545,-4.5
5/31/2017 00:00:00,168.8,173.03,172.214545454545,-3.09999999999999
6/1/2017 00:00:00,169.4,172.78,171.554545454545,-2.90000000000001
6/2/2017 00:00:00,167.8,172.33,170.649090909091,-9
6/5/2017 00:00:00,165.5,171.2,169.407272727273,-11
6/7/2017 00:00:00,166.7,170.22,168.589090909091,-10
6/8/2017 00:00:00,165.5,169.1,167.730909090909,-9.19999999999999
6/9/2017 00:00:00,165.4,168.17,167.058181818182,-6.59999999999999
6/12/2017 00:00:00,167.2,167.69,166.881818181818,-3
6/13/2017 00:00:00,169.6,167.63,167.229090909091,-0.800000000000011
6/14/2017 00:00:00,167.8,167.37,167.26,-1
6/15/2017 00:00:00,164.1,166.9,166.665454545455,-5.30000000000001
6/16/2017 00:00:00,163.3,166.29,166.010909090909,-4.5
6/19/2017 00:00:00,164.3,165.94,165.649090909091,-1.19999999999999
6/20/2017 00:00:00,163.9,165.78,165.278181818182,-2.79999999999998
6/21/2017 00:00:00,164.1,165.52,164.972727272727,-1.40000000000001
6/22/2017 00:00:00,163.9,165.36,164.678181818182,-1.5
6/26/2017 00:00:00,165.9,165.41,164.776363636364,-1.29999999999998
6/27/2017 00:00:00,166.8,165.37,165.029090909091,-2.79999999999998
6/28/2017 00:00:00,166.5,165.06,165.234545454545,-1.30000000000001
6/29/2017 00:00:00,163.7,164.65,164.987272727273,-0.400000000000006
6/30/2017 00:00:00,162.1,164.45,164.523636363636,-1.20000000000002
7/3/2017 00:00:00,167.1,164.83,165.005454545455,2.79999999999998
7/4/2017 00:00:00,167.5,165.15,165.490909090909,3.59999999999999
7/5/2017 00:00:00,163.3,165.09,165.154545454545,-0.799999999999983
7/6/2017 00:00:00,162.3,164.91,164.647272727273,-1.59999999999999
7/7/2017 00:00:00,158.8,164.4,163.536363636364,-7.09999999999999
7/10/2017 00:00:00,161.3,163.94,162.972727272727,-5.5
7/11/2017 00:00:00,158.8,163.14,162.038181818182,-7.69999999999999
7/12/2017 00:00:00,165.4,163.03,162.449090909091,1.70000000000002
7/13/2017 00:00:00,166.2,163.28,163.025454545455,4.09999999999999
7/14/2017 00:00:00,169.6,164.03,164.174545454545,2.5
7/17/2017 00:00:00,170,164.32,165.26,2.5
7/18/2017 00:00:00,169.8,164.55,166.256363636364,6.5
7/19/2017 00:00:00,171.2,165.34,167.465454545455,8.89999999999998
7/20/2017 00:00:00,174.2,166.53,169.076363636364,15.4
7/21/2017 00:00:00,172.5,167.9,170.161818181818,11.2
7/24/2017 00:00:00,171.1,168.88,170.743636363636,12.3
7/25/2017 00:00:00,175.5,170.55,171.947272727273,10.1
7/26/2017 00:00:00,180.5,172.06,173.756363636364,14.3
7/27/2017 00:00:00,180.2,173.46,175.236363636364,10.6
7/28/2017 00:00:00,182,174.7,176.789090909091,12
7/31/2017 00:00:00,183.7,176.07,178.425454545455,13.9
8/1/2017 00:00:00,185.1,177.6,180.067272727273,13.9
8/2/2017 00:00:00,185.7,179.05,181.54,11.5
8/3/2017 00:00:00,187,180.33,182.985454545455,14.5
8/4/2017 00:00:00,186.5,181.73,184.107272727273,15.4
8/7/2017 00:00:00,189.3,183.55,185.483636363636,13.8
8/8/2017 00:00:00,189,184.9,186.474545454545,8.5
8/9/2017 00:00:00,188.2,185.67,187.074545454545,8
8/10/2017 00:00:00,188.1,186.46,187.516363636364,6.09999999999999
8/11/2017 00:00:00,183.8,186.64,187.032727272727,0.100000000000023
8/14/2017 00:00:00,186.3,186.9,186.970909090909,1.20000000000002
8/15/2017 00:00:00,181.8,186.57,186.043636363636,-3.89999999999998
8/16/2017 00:00:00,181.9,186.19,185.194545454545,-5.09999999999999
8/17/2017 00:00:00,179.8,185.47,184.032727272727,-6.69999999999999
8/18/2017 00:00:00,179.8,184.8,183.001818181818,-9.5
8/21/2017 00:00:00,179.5,183.82,182.038181818182,-9.5
8/22/2017 00:00:00,181.1,183.03,181.543636363636,-7.09999999999999
8/23/2017 00:00:00,180.7,182.28,181.12,-7.40000000000001
8/24/2017 00:00:00,178,181.27,180.341818181818,-5.80000000000001
8/25/2017 00:00:00,180.1,180.9,180.129090909091,-6.20000000000002
8/28/2017 00:00:00,180.9,180.36,180.129090909091,-0.900000000000006
8/29/2017 00:00:00,169.1,179.09,178.081818181818,-12.8
8/30/2017 00:00:00,168.1,177.71,176.083636363636,-11.7
8/31/2017 00:00:00,170.5,176.78,174.772727272727,-9.30000000000001
9/1/2017 00:00:00,172.1,176.01,173.921818181818,-7.40000000000001
9/4/2017 00:00:00,178.5,175.91,174.374545454545,-2.59999999999999
9/5/2017 00:00:00,181.5,175.95,175.390909090909,0.800000000000011
9/6/2017 00:00:00,179.6,175.84,176.054545454545,1.59999999999999
9/7/2017 00:00:00,180.3,176.07,176.865454545455,0.200000000000017
9/8/2017 00:00:00,178.6,175.92,177.325454545455,-2.30000000000001
9/11/2017 00:00:00,177.4,175.57,177.594545454545,8.30000000000001
9/12/2017 00:00:00,173,175.96,177.127272727273,4.90000000000001
9/13/2017 00:00:00,174.2,176.57,176.807272727273,3.69999999999999
9/14/2017 00:00:00,174.7,176.99,176.467272727273,2.59999999999999
9/15/2017 00:00:00,172.9,177.07,175.723636363636,-5.59999999999999
9/18/2017 00:00:00,174.7,176.69,175.292727272727,-6.80000000000001
9/19/2017 00:00:00,176.4,176.18,175.24,-3.19999999999999
9/20/2017 00:00:00,176.5,175.87,175.298181818182,-3.80000000000001
9/21/2017 00:00:00,176.2,175.46,175.358181818182,-2.40000000000001
9/22/2017 00:00:00,177.4,175.34,175.710909090909,0
9/25/2017 00:00:00,176.6,175.26,175.94,3.59999999999999
9/26/2017 00:00:00,177.3,175.69,176.310909090909,3.10000000000002
9/27/2017 00:00:00,178.1,176.08,176.749090909091,3.40000000000001
9/28/2017 00:00:00,179.6,176.57,177.389090909091,6.69999999999999
9/29/2017 00:00:00,178.2,177.1,177.685454545455,3.5
10/2/2017 00:00:00,177.9,177.42,177.830909090909,1.5
10/3/2017 00:00:00,179.9,177.77,178.281818181818,3.40000000000001
10/4/2017 00:00:00,178.8,178,178.469090909091,2.60000000000002
10/5/2017 00:00:00,182.1,178.59,179.214545454545,4.69999999999999
10/6/2017 00:00:00,178.2,178.67,179.143636363636,1.59999999999999
10/9/2017 00:00:00,176.4,178.65,178.730909090909,-0.900000000000006
10/10/2017 00:00:00,177,178.62,178.430909090909,-1.09999999999999
10/11/2017 00:00:00,177.3,178.54,178.190909090909,-2.29999999999998
10/12/2017 00:00:00,176.4,178.22,177.801818181818,-1.79999999999998
10/13/2017 00:00:00,178.8,178.28,177.907272727273,0.900000000000006
10/16/2017 00:00:00,181.8,178.67,178.547272727273,1.90000000000001
10/17/2017 00:00:00,183.2,179,179.370909090909,4.39999999999998
10/18/2017 00:00:00,180.7,179.19,179.68,-1.40000000000001
10/19/2017 00:00:00,182,179.18,180.190909090909,3.80000000000001
10/20/2017 00:00:00,183.5,179.71,180.976363636364,7.09999999999999
10/23/2017 00:00:00,183.7,180.44,181.701818181818,6.69999999999999
10/24/2017 00:00:00,182.5,180.99,182.076363636364,5.19999999999999
10/25/2017 00:00:00,186.9,181.95,183.150909090909,10.5
10/26/2017 00:00:00,187.6,183.07,184.178181818182,8.79999999999998
10/27/2017 00:00:00,187.5,183.94,184.983636363636,5.69999999999999
10/30/2017 00:00:00,194,185.16,186.812727272727,10.8
10/31/2017 00:00:00,196.9,186.53,188.947272727273,16.2
11/1/2017 00:00:00,208.4,189.3,192.923636363636,26.4
11/2/2017 00:00:00,207.3,191.83,196.196363636364,23.8
11/3/2017 00:00:00,208.6,194.34,199.245454545455,24.9
11/6/2017 00:00:00,210.6,197.03,202.201818181818,28.1
11/7/2017 00:00:00,212.5,200.03,205.014545454545,25.6
11/8/2017 00:00:00,212.8,202.62,207.336363636364,25.2
11/9/2017 00:00:00,212.4,205.1,209.114545454545,24.9
11/10/2017 00:00:00,210.2,207.37,210.041818181818,16.2
11/13/2017 00:00:00,209.3,208.9,210.392727272727,12.4
11/14/2017 00:00:00,207.2,209.93,210.083636363636,-1.20000000000002
11/15/2017 00:00:00,203.5,209.44,208.914545454545,-3.80000000000001
11/16/2017 00:00:00,202.1,208.92,207.58,-6.5
11/17/2017 00:00:00,205.4,208.6,206.94,-5.19999999999999
11/20/2017 00:00:00,210.1,208.55,207.212727272727,-2.40000000000001
11/21/2017 00:00:00,215.4,208.84,208.458181818182,2.59999999999999
11/22/2017 00:00:00,208.2,208.38,208.341818181818,-4.20000000000002
11/23/2017 00:00:00,208.4,207.98,208.345454545455,-1.79999999999998
11/24/2017 00:00:00,204,207.36,207.621818181818,-5.30000000000001
11/27/2017 00:00:00,201.8,206.61,206.610909090909,-5.39999999999998
11/28/2017 00:00:00,198.4,205.73,205.118181818182,-5.09999999999999
11/29/2017 00:00:00,194.5,204.83,203.076363636364,-7.59999999999999
11/30/2017 00:00:00,192.6,203.88,200.852727272727,-12.8
12/1/2017 00:00:00,195.8,202.92,199.383636363636,-14.3
12/4/2017 00:00:00,196.9,201.6,198.289090909091,-18.5
12/5/2017 00:00:00,192.5,199.31,196.634545454545,-15.7
12/6/2017 00:00:00,191.1,197.6,195.141818181818,-17.3
12/7/2017 00:00:00,187.7,195.53,193.341818181818,-16.3
12/8/2017 00:00:00,188.9,194.02,192.136363636364,-12.9
12/11/2017 00:00:00,192.1,193.05,191.787272727273,-6.30000000000001
12/12/2017 00:00:00,195.9,192.8,192.305454545455,1.40000000000001
12/13/2017 00:00:00,192.7,192.62,192.287272727273,0.0999999999999943
12/14/2017 00:00:00,190.8,192.44,191.956363636364,-5
12/15/2017 00:00:00,190.8,191.94,191.658181818182,-6.09999999999999
12/18/2017 00:00:00,191.7,191.42,191.614545454545,-0.800000000000011
12/19/2017 00:00:00,188.5,191.02,191.083636363636,-2.59999999999999
12/20/2017 00:00:00,189.3,190.84,190.770909090909,1.60000000000002
12/21/2017 00:00:00,193.9,191.46,191.327272727273,5
12/22/2017 00:00:00,193.2,191.89,191.643636363636,1.09999999999999
12/27/2017 00:00:00,193.9,192.07,192.009090909091,-2
12/28/2017 00:00:00,192.6,191.74,192.105454545455,-0.0999999999999943
12/29/2017 00:00:00,187.8,191.25,191.389090909091,-3
1/2/2018 00:00:00,190.2,191.19,191.198181818182,-0.600000000000023
1/3/2018 00:00:00,193.4,191.45,191.6,1.70000000000002
1/4/2018 00:00:00,195.25,191.805,192.290909090909,6.75
1/5/2018 00:00:00,197.4,192.695,193.308181818182,8.09999999999999
1/8/2018 00:00:00,201.1,193.875,194.836363636364,7.19999999999999
1/9/2018 00:00:00,202.8,194.765,196.459090909091,9.60000000000002
1/10/2018 00:00:00,201.9,195.635,197.756363636364,8
1/11/2018 00:00:00,202,196.445,198.913636363636,9.40000000000001
1/12/2018 00:00:00,203.3,197.515,200.16,15.5
1/15/2018 00:00:00,204.1,199.145,201.357272727273,13.9
1/16/2018 00:00:00,205,200.625,202.421818181818,11.6
1/17/2018 00:00:00,205.5,201.835,203.308181818182,10.25
1/18/2018 00:00:00,205.4,202.85,203.956363636364,8
1/19/2018 00:00:00,205.4,203.65,204.42,4.30000000000001
1/22/2018 00:00:00,206.6,204.2,204.956363636364,3.79999999999998
1/23/2018 00:00:00,205.5,204.47,205.192727272727,3.59999999999999
1/24/2018 00:00:00,206.3,204.91,205.525454545455,4.30000000000001
1/25/2018 00:00:00,204.5,205.16,205.450909090909,1.19999999999999
1/26/2018 00:00:00,205.7,205.4,205.549090909091,1.59999999999999
1/29/2018 00:00:00,203.7,205.36,205.24,-1.30000000000001
1/30/2018 00:00:00,198.4,204.7,203.974545454545,-7.09999999999999
1/31/2018 00:00:00,196.25,203.775,202.438181818182,-9.15000000000001
2/1/2018 00:00:00,201.2,203.355,201.97,-4.20000000000002
2/2/2018 00:00:00,193.25,202.14,200.132727272727,-13.35
2/5/2018 00:00:00,189.85,200.465,197.898181818182,-15.65
2/6/2018 00:00:00,185.85,198.5,195.240909090909,-20.45
2/7/2018 00:00:00,190.25,196.895,193.740909090909,-14.25
2/8/2018 00:00:00,185.7,195.015,191.705454545455,-20
2/9/2018 00:00:00,182.9,192.735,189.502727272727,-20.8
2/12/2018 00:00:00,182.25,190.59,187.596363636364,-16.15
2/13/2018 00:00:00,182.3,188.98,186.089090909091,-13.95
2/14/2018 00:00:00,183.55,187.71,185.101818181818,-17.65
2/15/2018 00:00:00,183.1,185.9,184.263636363636,-10.15
2/16/2018 00:00:00,186.85,185.26,184.436363636364,-3
2/19/2018 00:00:00,187.25,185,184.798181818182,1.40000000000001
2/20/2018 00:00:00,191.6,185.575,185.998181818182,1.34999999999999
2/21/2018 00:00:00,190.1,185.56,186.820909090909,4.40000000000001
2/22/2018 00:00:00,193.25,186.315,188.219090909091,10.35
2/23/2018 00:00:00,194.2,187.445,189.652727272727,11.95
2/26/2018 00:00:00,195.45,188.765,191.108181818182,13.15
2/27/2018 00:00:00,196,190.135,192.423636363636,12.45
2/28/2018 00:00:00,195.35,191.315,193.371818181818,12.25
3/1/2018 00:00:00,192,192.205,193.496363636364,5.15000000000001
3/2/2018 00:00:00,186.4,192.16,192.440909090909,-0.849999999999994
3/5/2018 00:00:00,191.8,192.615,192.375454545455,0.200000000000017
3/6/2018 00:00:00,195.6,193.015,192.918181818182,5.5
3/7/2018 00:00:00,196.75,193.68,193.597272727273,3.5
3/8/2018 00:00:00,198,194.155,194.382727272727,3.80000000000001
3/9/2018 00:00:00,200.6,194.795,195.554545454545,5.15000000000001
3/12/2018 00:00:00,201.2,195.37,196.719090909091,5.19999999999999
3/13/2018 00:00:00,199.65,195.735,197.497272727273,4.30000000000001
3/14/2018 00:00:00,200.5,196.25,198.363636363636,8.5
3/15/2018 00:00:00,199.75,197.025,199,13.35
3/16/2018 00:00:00,202.4,198.625,199.977272727273,10.6
3/19/2018 00:00:00,199.2,199.365,200.081818181818,3.59999999999999
3/20/2018 00:00:00,205.2,200.325,201.142727272727,8.44999999999999
3/21/2018 00:00:00,208.4,201.49,202.610909090909,10.4
3/22/2018 00:00:00,206.5,202.34,203.521818181818,5.90000000000001
3/23/2018 00:00:00,205.6,202.84,204.114545454545,4.40000000000001
3/26/2018 00:00:00,208.2,203.54,205.089090909091,8.54999999999998
3/27/2018 00:00:00,210.2,204.595,206.3,9.69999999999999
3/28/2018 00:00:00,211.4,205.685,207.537272727273,11.65
3/29/2018 00:00:00,209.6,206.67,208.249090909091,7.19999999999999
4/3/2018 00:00:00,209.5,207.38,208.763636363636,10.3
4/4/2018 00:00:00,209.3,208.39,209.112727272727,4.10000000000002
4/5/2018 00:00:00,218.1,209.68,210.878181818182,9.69999999999999
4/6/2018 00:00:00,217.5,210.59,212.3,11
4/9/2018 00:00:00,217.6,211.7,213.574545454546,12
4/10/2018 00:00:00,222.7,213.41,215.574545454545,14.5
4/11/2018 00:00:00,226.9,215.28,218.027272727273,16.7
4/12/2018 00:00:00,229.5,217.21,220.612727272727,18.1
4/13/2018 00:00:00,230.6,219.13,223.047272727273,21
